Lunacian ventana	ronin:d65c5fe9777e618849c1ff81cba6dd06f1bb41bb	ronin	Fraud 
Lunacian mota	ronin:abe2658eb96855db68a2d951823baba3e0d5dad2	ronin	Fraud 
Lunacian carne	ronin:d2d5928d7d48686268f082992a8a369196e93e35	ronin	Fraud 
Lunacian verde	ronin:8ac59cabccc7c509a4631ece703f3d448d09245b	ronin	Fraud 
Lunacian roja	ronin:b5e9b66281d14fb7f83c50edfd234a513ffb5441	ronin	Fraud 
Lunacian blanco	ronin:3b013d0447af632988a2d19c21aaafca8523d0c7	ronin	Fraud 
Lunacian silla	ronin:52b1bf09c0e69e9d998da173b0d27200a795f9d5	ronin	Fraud 
Lunacian mesa	ronin:9e1c1a7c9262b09096a088b1c1616988a39dab04	ronin	Fraud 
Lunacian #3433	ronin:9626599b793410525e9d3149e81245c914ffc1a9	ronin	Fraud 
Lunacian morada	ronin:cbe08e25d53b08d928119ad7a64a939b4896b625	ronin	Fraud 
Lunacian negra	ronin:d0c80ab75b4831428f2ec0b2757cc216ff4c27ed	ronin	Fraud 
Lunacian gris	ronin:1e4f2b070988e56e9cccb13e0ca071273fc04fb2	ronin	Fraud 
Lunacian dorada	ronin:a662b75f96ef9ddc09b2f6d56be8895563bc07a8	ronin	Fraud 
Lunacian plata	ronin:7d9a36cc2410898e2a1239f63e3a04a84989c805	ronin	Fraud 
Lunacian naranja	ronin:371d7bac3580789fb5e2c10ca802710db4cc6627	ronin	Fraud 
Lunacian marr√≥n	ronin:0e3acfaf6d8bd568f61197a483eb640e7cf22ded	ronin	Fraud 
Lunacian amarillo	ronin:f24cefc48ee7374983abf36baaad0cfe503980c8	ronin	Fraud 
Lunacian movil	ronin:e20ff9ec2481102e0125566d4d80a47021ee1f70	ronin	Fraud 
Lunacian cartulina	ronin:7f61af1c31f54e515eb912ce247b8485886f28a6	ronin	Fraud 
Lunacian carta	ronin:b416efc5b48c11d05b71bb1269683e26e561ca81	ronin	Fraud 
Lunacian meta	ronin:29654f26e44411864be9448dbc87edc1d3140d33	ronin	Fraud 
Lunacian remo	ronin:db150d1f866e5d91a938701553bf856a1433908b	ronin	Fraud 
Lunacian gorra	ronin:5e7df970abb5c030030a0ced56ce902bebf01af1	ronin	Fraud 
Lunacian lentes	ronin:bd031ee132cf374793080d0aabaddac93618d664	ronin	Fraud 
Success 5	ronin:5a830160299cf9dc224d0a1c87705928a4c8e511	ronin	Fraud 
Lunacian musica	ronin:7bcdd0d504e7c887a5e84ab323adb46661f84a57	ronin	Fraud 
Lunacian color	ronin:219e4952a79ff4a3116cd38e3457b6be0ff95906	ronin	Fraud 
Lunacian lila	ronin:841b166a1d334c274e33dc8143ac56dab49e4a4d	ronin	Fraud 
Lunacian cabello	ronin:b416efc5b48c11d05b71bb1269683e26e561ca81	ronin	Fraud 
Lunacian azul	ronin:452a5b5141688dc373acb6d8c727d5c82b90eaa6	ronin	Fraud 
Lunacian huevos	ronin:e9275592a1f5ca1eea574c1b8d1d6ac601f85cdb	ronin	Fraud 
Lunacian	ronin:d8f51ef21344ad46ea8d0ce6fd00a343bd8c68cb	ronin	Fraud 
